fname,age,gender
EE_EE_01-May-2014_101412_01-May-2014_101412.mat,19,m
EE_EE_02-May-2014_123549_02-May-2014_123549.mat,20,f
EE_EE_02-May-2014_151023_02-May-2014_151023.mat,18,f
EE_EE_02-May-2014_160846_02-May-2014_160846.mat,24,m
EE_EE_06-May-2014_125214_06-May-2014_125215.mat,19,f
EE_EE_07-May-2014_140610_07-May-2014_140610.mat,18,f
EE_EE_09-Apr-2014_110511_09-Apr-2014_110511.mat,20,f
EE_EE_09-Apr-2014_150233_09-Apr-2014_150233.mat,19,m
EE_EE_10-Apr-2014_110944_10-Apr-2014_110944.mat,18,f
EE_EE_11-Apr-2014_110208_11-Apr-2014_110208.mat,19,m
EE_EE_11-Apr-2014_123529_11-Apr-2014_123529.mat,20,m
EE_EE_11-Apr-2014_143026_11-Apr-2014_143026.mat,20,f
EE_EE_11-Apr-2014_152953_11-Apr-2014_152953.mat,20,m
EE_EE_15-Apr-2014_101422_15-Apr-2014_101423.mat,20,f
EE_EE_16-Apr-2014_110836_16-Apr-2014_110836.mat,21,f
EE_EE_17-Apr-2014_091003_17-Apr-2014_091003.mat,19,f
EE_EE_17-Apr-2014_100759_17-Apr-2014_100759.mat,21,m
EE_EE_17-Apr-2014_110020_17-Apr-2014_110020.mat,19,f
EE_EE_17-Apr-2014_143839_17-Apr-2014_143839.mat,20,f
EE_EE_18-Apr-2014_120538_18-Apr-2014_120539.mat,19,f
EE_EE_18-Apr-2014_140550_18-Apr-2014_140550.mat,21,m
EE_EE_18-Apr-2014_145616_18-Apr-2014_145616.mat,19,m
EE_EE_21-Apr-2014_130130_21-Apr-2014_130130.mat,20,f
EE_EE_22-Apr-2014_090413_22-Apr-2014_090413.mat,19,f
EE_EE_23-Apr-2014_170237_23-Apr-2014_170237.mat,19,f
EE_EE_24-Apr-2014_090316_24-Apr-2014_090317.mat,20,f
EE_EE_24-Apr-2014_090940_24-Apr-2014_090940.mat,19,m
EE_EE_25-Apr-2014_113725_25-Apr-2014_113726.mat,21,f
EE_EE_29-Apr-2014_150521_29-Apr-2014_150521.mat,20,m
EE_EE_29-Apr-2014_164625_29-Apr-2014_164625.mat,20,f
EE_EE_30-Apr-2014_152502_30-Apr-2014_152502.mat,20,f
EE_EE_23-May-2014_121001_23-May-2014_121001.mat,21,m
EE_EE_23-May-2014_131247_23-May-2014_131247.mat,19,f
EE_EE_04-Jun-2014_140429_04-Jun-2014_140429.mat,23,m
EE_EE_05-Jun-2014_123648_05-Jun-2014_123648.mat,23,f
EE_EE_05-Jun-2014_135011_05-Jun-2014_135011.mat,21,f
EE_EE_06-Jun-2014_122100_06-Jun-2014_122100.mat,50,m
EE_EE_10-Jun-2014_151055_10-Jun-2014_151055.mat,21,f
EE_EE_13-Jun-2014_141124_13-Jun-2014_141124.mat,23,f
EE_EE_18-Jun-2014_161503_18-Jun-2014_161503.mat,22,m
EE_EE_19-Jun-2014_141436_19-Jun-2014_141436.mat,21,f
EE_EE_20-Jun-2014_140218_20-Jun-2014_140218.mat,27,f
EE_EE_24-Jun-2014_111448_24-Jun-2014_111448.mat,27,m
EE_EE_24-Jun-2014_164011_24-Jun-2014_164011.mat,22,f
EE_EE_27-Jun-2014_101339_27-Jun-2014_101339.mat,22,m
EE_EE_03-Jul-2014_103117_03-Jul-2014_103117.mat,19,m
EE_EE_03-Jul-2014_131312_03-Jul-2014_131313.mat,20,f
EE_EE_03-Jul-2014_143629_03-Jul-2014_143629.mat,21,f
EE_EE_03-Jul-2014_155351_03-Jul-2014_155352.mat,18,m
EE_EE_07-Jul-2014_113302_07-Jul-2014_113303.mat,18,f
EE_EE_10-Jul-2014_120840_10-Jul-2014_120840.mat,19,f
EE_EE_10-Jul-2014_131932_10-Jul-2014_131932.mat,21,f
EE_EE_11-Jul-2014_161320_11-Jul-2014_161320.mat,21,m
EE_EE_14-Jul-2014_102754_14-Jul-2014_102756.mat,24,f
EE_EE_21-Jul-2014_152045_21-Jul-2014_152045.mat,NaN,f
EE_EE_21-Jul-2014_161621_21-Jul-2014_161623.mat,18,f
EE_EE_22-Jul-2014_161312_22-Jul-2014_161312.mat,20,f
EE_EE_25-Jul-2014_120430_25-Jul-2014_120432.mat,28,f
EE_EE_05-Aug-2014_101018_05-Aug-2014_101019.mat,23,f
EE_EE_05-Aug-2014_110722_05-Aug-2014_110724.mat,24,f
